id,node_id,name,full_name,private,owner,html_url,description,fork,url,forks_url,keys_url,collaborators_url,teams_url,hooks_url,issue_events_url,events_url,assignees_url,branches_url,tags_url,blobs_url,git_tags_url,git_refs_url,trees_url,statuses_url,languages_url,stargazers_url,contributors_url,subscribers_url,subscription_url,commits_url,git_commits_url,comments_url,issue_comment_url,contents_url,compare_url,merges_url,archive_url,downloads_url,issues_url,pulls_url,milestones_url,notifications_url,labels_url,releases_url,deployments_url,created_at,updated_at,pushed_at,git_url,ssh_url,clone_url,svn_url,homepage,size,stargazers_count,watchers_count,language,has_issues,has_projects,has_downloads,has_wiki,has_pages,has_discussions,forks_count,mirror_url,archived,disabled,open_issues_count,license,allow_forking,is_template,web_commit_signoff_required,has_pull_requests,pull_request_creation_policy,topics,visibility,forks,open_issues,watchers,default_branch,permissions
682133251,R_kgDOKKiHAw,Aes-Encryption-Decryption,Rawan227/Aes-Encryption-Decryption,False,"{'login': 'Rawan227', 'id': 126195611, 'node_id': 'U_kgDOB4WXmw', 'avatar_url': 'https://avatars.githubusercontent.com/u/126195611?v=4', 'gravatar_id': '', 'url': 'https://api.github.com/users/Rawan227', 'html_url': 'https://github.com/Rawan227', 'followers_url': 'https://api.github.com/users/Rawan227/followers', 'following_url': 'https://api.github.com/users/Rawan227/following{/other_user}', 'gists_url': 'https://api.github.com/users/Rawan227/gists{/gist_id}', 'starred_url': 'https://api.github.com/users/Rawan227/starred{/owner}{/repo}', 'subscriptions_url': 'https://api.github.com/users/Rawan227/subscriptions', 'organizations_url': 'https://api.github.com/users/Rawan227/orgs', 'repos_url': 'https://api.github.com/users/Rawan227/repos', 'events_url': 'https://api.github.com/users/Rawan227/events{/privacy}', 'received_events_url': 'https://api.github.com/users/Rawan227/received_events', 'type': 'User', 'user_view_type': 'public', 'site_admin': False}",https://github.com/Rawan227/Aes-Encryption-Decryption,,False,https://api.github.com/repos/Rawan227/Aes-Encryption-Decryption,https://api.github.com/repos/Rawan227/Aes-Encryption-Decryption/forks,https://api.github.com/repos/Rawan227/Aes-Encryption-Decryption/keys{/key_id},https://api.github.com/repos/Rawan227/Aes-Encryption-Decryption/collaborators{/collaborator},https://api.github.com/repos/Rawan227/Aes-Encryption-Decryption/teams,https://api.github.com/repos/Rawan227/Aes-Encryption-Decryption/hooks,https://api.github.com/repos/Rawan227/Aes-Encryption-Decryption/issues/events{/number},https://api.github.com/repos/Rawan227/Aes-Encryption-Decryption/events,https://api.github.com/repos/Rawan227/Aes-Encryption-Decryption/assignees{/user},https://api.github.com/repos/Rawan227/Aes-Encryption-Decryption/branches{/branch},https://api.github.com/repos/Rawan227/Aes-Encryption-Decryption/tags,https://api.github.com/repos/Rawan227/Aes-Encryption-Decryption/git/blobs{/sha},https://api.github.com/repos/Rawan227/Aes-Encryption-Decryption/git/tags{/sha},https://api.github.com/repos/Rawan227/Aes-Encryption-Decryption/git/refs{/sha},https://api.github.com/repos/Rawan227/Aes-Encryption-Decryption/git/trees{/sha},https://api.github.com/repos/Rawan227/Aes-Encryption-Decryption/statuses/{sha},https://api.github.com/repos/Rawan227/Aes-Encryption-Decryption/languages,https://api.github.com/repos/Rawan227/Aes-Encryption-Decryption/stargazers,https://api.github.com/repos/Rawan227/Aes-Encryption-Decryption/contributors,https://api.github.com/repos/Rawan227/Aes-Encryption-Decryption/subscribers,https://api.github.com/repos/Rawan227/Aes-Encryption-Decryption/subscription,https://api.github.com/repos/Rawan227/Aes-Encryption-Decryption/commits{/sha},https://api.github.com/repos/Rawan227/Aes-Encryption-Decryption/git/commits{/sha},https://api.github.com/repos/Rawan227/Aes-Encryption-Decryption/comments{/number},https://api.github.com/repos/Rawan227/Aes-Encryption-Decryption/issues/comments{/number},https://api.github.com/repos/Rawan227/Aes-Encryption-Decryption/contents/{+path},https://api.github.com/repos/Rawan227/Aes-Encryption-Decryption/compare/{base}...{head},https://api.github.com/repos/Rawan227/Aes-Encryption-Decryption/merges,https://api.github.com/repos/Rawan227/Aes-Encryption-Decryption/{archive_format}{/ref},https://api.github.com/repos/Rawan227/Aes-Encryption-Decryption/downloads,https://api.github.com/repos/Rawan227/Aes-Encryption-Decryption/issues{/number},https://api.github.com/repos/Rawan227/Aes-Encryption-Decryption/pulls{/number},https://api.github.com/repos/Rawan227/Aes-Encryption-Decryption/milestones{/number},"https://api.github.com/repos/Rawan227/Aes-Encryption-Decryption/notifications{?since,all,participating}",https://api.github.com/repos/Rawan227/Aes-Encryption-Decryption/labels{/name},https://api.github.com/repos/Rawan227/Aes-Encryption-Decryption/releases{/id},https://api.github.com/repos/Rawan227/Aes-Encryption-Decryption/deployments,2023-08-23T14:08:35Z,2023-08-23T14:10:47Z,2023-08-25T08:49:53Z,git://github.com/Rawan227/Aes-Encryption-Decryption.git,git@github.com:Rawan227/Aes-Encryption-Decryption.git,https://github.com/Rawan227/Aes-Encryption-Decryption.git,https://github.com/Rawan227/Aes-Encryption-Decryption,,23,0,0,Verilog,True,True,True,True,False,False,0,,False,False,0,,True,False,False,True,all,[],public,0,0,0,main,"{'admin': True, 'maintain': True, 'push': True, 'triage': True, 'pull': True}"
847318086,R_kgDOMoEMRg,BMI_Calculator,Rawan227/BMI_Calculator,False,"{'login': 'Rawan227', 'id': 126195611, 'node_id': 'U_kgDOB4WXmw', 'avatar_url': 'https://avatars.githubusercontent.com/u/126195611?v=4', 'gravatar_id': '', 'url': 'https://api.github.com/users/Rawan227', 'html_url': 'https://github.com/Rawan227', 'followers_url': 'https://api.github.com/users/Rawan227/followers', 'following_url': 'https://api.github.com/users/Rawan227/following{/other_user}', 'gists_url': 'https://api.github.com/users/Rawan227/gists{/gist_id}', 'starred_url': 'https://api.github.com/users/Rawan227/starred{/owner}{/repo}', 'subscriptions_url': 'https://api.github.com/users/Rawan227/subscriptions', 'organizations_url': 'https://api.github.com/users/Rawan227/orgs', 'repos_url': 'https://api.github.com/users/Rawan227/repos', 'events_url': 'https://api.github.com/users/Rawan227/events{/privacy}', 'received_events_url': 'https://api.github.com/users/Rawan227/received_events', 'type': 'User', 'user_view_type': 'public', 'site_admin': False}",https://github.com/Rawan227/BMI_Calculator,,False,https://api.github.com/repos/Rawan227/BMI_Calculator,https://api.github.com/repos/Rawan227/BMI_Calculator/forks,https://api.github.com/repos/Rawan227/BMI_Calculator/keys{/key_id},https://api.github.com/repos/Rawan227/BMI_Calculator/collaborators{/collaborator},https://api.github.com/repos/Rawan227/BMI_Calculator/teams,https://api.github.com/repos/Rawan227/BMI_Calculator/hooks,https://api.github.com/repos/Rawan227/BMI_Calculator/issues/events{/number},https://api.github.com/repos/Rawan227/BMI_Calculator/events,https://api.github.com/repos/Rawan227/BMI_Calculator/assignees{/user},https://api.github.com/repos/Rawan227/BMI_Calculator/branches{/branch},https://api.github.com/repos/Rawan227/BMI_Calculator/tags,https://api.github.com/repos/Rawan227/BMI_Calculator/git/blobs{/sha},https://api.github.com/repos/Rawan227/BMI_Calculator/git/tags{/sha},https://api.github.com/repos/Rawan227/BMI_Calculator/git/refs{/sha},https://api.github.com/repos/Rawan227/BMI_Calculator/git/trees{/sha},https://api.github.com/repos/Rawan227/BMI_Calculator/statuses/{sha},https://api.github.com/repos/Rawan227/BMI_Calculator/languages,https://api.github.com/repos/Rawan227/BMI_Calculator/stargazers,https://api.github.com/repos/Rawan227/BMI_Calculator/contributors,https://api.github.com/repos/Rawan227/BMI_Calculator/subscribers,https://api.github.com/repos/Rawan227/BMI_Calculator/subscription,https://api.github.com/repos/Rawan227/BMI_Calculator/commits{/sha},https://api.github.com/repos/Rawan227/BMI_Calculator/git/commits{/sha},https://api.github.com/repos/Rawan227/BMI_Calculator/comments{/number},https://api.github.com/repos/Rawan227/BMI_Calculator/issues/comments{/number},https://api.github.com/repos/Rawan227/BMI_Calculator/contents/{+path},https://api.github.com/repos/Rawan227/BMI_Calculator/compare/{base}...{head},https://api.github.com/repos/Rawan227/BMI_Calculator/merges,https://api.github.com/repos/Rawan227/BMI_Calculator/{archive_format}{/ref},https://api.github.com/repos/Rawan227/BMI_Calculator/downloads,https://api.github.com/repos/Rawan227/BMI_Calculator/issues{/number},https://api.github.com/repos/Rawan227/BMI_Calculator/pulls{/number},https://api.github.com/repos/Rawan227/BMI_Calculator/milestones{/number},"https://api.github.com/repos/Rawan227/BMI_Calculator/notifications{?since,all,participating}",https://api.github.com/repos/Rawan227/BMI_Calculator/labels{/name},https://api.github.com/repos/Rawan227/BMI_Calculator/releases{/id},https://api.github.com/repos/Rawan227/BMI_Calculator/deployments,2024-08-25T13:38:26Z,2024-08-25T19:54:10Z,2024-08-25T19:54:07Z,git://github.com/Rawan227/BMI_Calculator.git,git@github.com:Rawan227/BMI_Calculator.git,https://github.com/Rawan227/BMI_Calculator.git,https://github.com/Rawan227/BMI_Calculator,,427,0,0,C++,True,True,True,True,False,False,0,,False,False,0,,True,False,False,True,all,[],public,0,0,0,master,"{'admin': True, 'maintain': True, 'push': True, 'triage': True, 'pull': True}"
988544581,R_kgDOOuv-RQ,CrossPlatform,Rawan227/CrossPlatform,False,"{'login': 'Rawan227', 'id': 126195611, 'node_id': 'U_kgDOB4WXmw', 'avatar_url': 'https://avatars.githubusercontent.com/u/126195611?v=4', 'gravatar_id': '', 'url': 'https://api.github.com/users/Rawan227', 'html_url': 'https://github.com/Rawan227', 'followers_url': 'https://api.github.com/users/Rawan227/followers', 'following_url': 'https://api.github.com/users/Rawan227/following{/other_user}', 'gists_url': 'https://api.github.com/users/Rawan227/gists{/gist_id}', 'starred_url': 'https://api.github.com/users/Rawan227/starred{/owner}{/repo}', 'subscriptions_url': 'https://api.github.com/users/Rawan227/subscriptions', 'organizations_url': 'https://api.github.com/users/Rawan227/orgs', 'repos_url': 'https://api.github.com/users/Rawan227/repos', 'events_url': 'https://api.github.com/users/Rawan227/events{/privacy}', 'received_events_url': 'https://api.github.com/users/Rawan227/received_events', 'type': 'User', 'user_view_type': 'public', 'site_admin': False}",https://github.com/Rawan227/CrossPlatform,,True,https://api.github.com/repos/Rawan227/CrossPlatform,https://api.github.com/repos/Rawan227/CrossPlatform/forks,https://api.github.com/repos/Rawan227/CrossPlatform/keys{/key_id},https://api.github.com/repos/Rawan227/CrossPlatform/collaborators{/collaborator},https://api.github.com/repos/Rawan227/CrossPlatform/teams,https://api.github.com/repos/Rawan227/CrossPlatform/hooks,https://api.github.com/repos/Rawan227/CrossPlatform/issues/events{/number},https://api.github.com/repos/Rawan227/CrossPlatform/events,https://api.github.com/repos/Rawan227/CrossPlatform/assignees{/user},https://api.github.com/repos/Rawan227/CrossPlatform/branches{/branch},https://api.github.com/repos/Rawan227/CrossPlatform/tags,https://api.github.com/repos/Rawan227/CrossPlatform/git/blobs{/sha},https://api.github.com/repos/Rawan227/CrossPlatform/git/tags{/sha},https://api.github.com/repos/Rawan227/CrossPlatform/git/refs{/sha},https://api.github.com/repos/Rawan227/CrossPlatform/git/trees{/sha},https://api.github.com/repos/Rawan227/CrossPlatform/statuses/{sha},https://api.github.com/repos/Rawan227/CrossPlatform/languages,https://api.github.com/repos/Rawan227/CrossPlatform/stargazers,https://api.github.com/repos/Rawan227/CrossPlatform/contributors,https://api.github.com/repos/Rawan227/CrossPlatform/subscribers,https://api.github.com/repos/Rawan227/CrossPlatform/subscription,https://api.github.com/repos/Rawan227/CrossPlatform/commits{/sha},https://api.github.com/repos/Rawan227/CrossPlatform/git/commits{/sha},https://api.github.com/repos/Rawan227/CrossPlatform/comments{/number},https://api.github.com/repos/Rawan227/CrossPlatform/issues/comments{/number},https://api.github.com/repos/Rawan227/CrossPlatform/contents/{+path},https://api.github.com/repos/Rawan227/CrossPlatform/compare/{base}...{head},https://api.github.com/repos/Rawan227/CrossPlatform/merges,https://api.github.com/repos/Rawan227/CrossPlatform/{archive_format}{/ref},https://api.github.com/repos/Rawan227/CrossPlatform/downloads,https://api.github.com/repos/Rawan227/CrossPlatform/issues{/number},https://api.github.com/repos/Rawan227/CrossPlatform/pulls{/number},https://api.github.com/repos/Rawan227/CrossPlatform/milestones{/number},"https://api.github.com/repos/Rawan227/CrossPlatform/notifications{?since,all,participating}",https://api.github.com/repos/Rawan227/CrossPlatform/labels{/name},https://api.github.com/repos/Rawan227/CrossPlatform/releases{/id},https://api.github.com/repos/Rawan227/CrossPlatform/deployments,2025-05-22T17:49:57Z,2025-05-22T17:49:57Z,2024-12-26T15:41:43Z,git://github.com/Rawan227/CrossPlatform.git,git@github.com:Rawan227/CrossPlatform.git,https://github.com/Rawan227/CrossPlatform.git,https://github.com/Rawan227/CrossPlatform,,9600,0,0,,False,True,True,False,False,False,0,,False,False,0,,True,False,False,True,all,[],public,0,0,0,main,"{'admin': True, 'maintain': True, 'push': True, 'triage': True, 'pull': True}"
1171479456,R_kgDORdNboA,Data-Science-Labs,Rawan227/Data-Science-Labs,False,"{'login': 'Rawan227', 'id': 126195611, 'node_id': 'U_kgDOB4WXmw', 'avatar_url': 'https://avatars.githubusercontent.com/u/126195611?v=4', 'gravatar_id': '', 'url': 'https://api.github.com/users/Rawan227', 'html_url': 'https://github.com/Rawan227', 'followers_url': 'https://api.github.com/users/Rawan227/followers', 'following_url': 'https://api.github.com/users/Rawan227/following{/other_user}', 'gists_url': 'https://api.github.com/users/Rawan227/gists{/gist_id}', 'starred_url': 'https://api.github.com/users/Rawan227/starred{/owner}{/repo}', 'subscriptions_url': 'https://api.github.com/users/Rawan227/subscriptions', 'organizations_url': 'https://api.github.com/users/Rawan227/orgs', 'repos_url': 'https://api.github.com/users/Rawan227/repos', 'events_url': 'https://api.github.com/users/Rawan227/events{/privacy}', 'received_events_url': 'https://api.github.com/users/Rawan227/received_events', 'type': 'User', 'user_view_type': 'public', 'site_admin': False}",https://github.com/Rawan227/Data-Science-Labs,,False,https://api.github.com/repos/Rawan227/Data-Science-Labs,https://api.github.com/repos/Rawan227/Data-Science-Labs/forks,https://api.github.com/repos/Rawan227/Data-Science-Labs/keys{/key_id},https://api.github.com/repos/Rawan227/Data-Science-Labs/collaborators{/collaborator},https://api.github.com/repos/Rawan227/Data-Science-Labs/teams,https://api.github.com/repos/Rawan227/Data-Science-Labs/hooks,https://api.github.com/repos/Rawan227/Data-Science-Labs/issues/events{/number},https://api.github.com/repos/Rawan227/Data-Science-Labs/events,https://api.github.com/repos/Rawan227/Data-Science-Labs/assignees{/user},https://api.github.com/repos/Rawan227/Data-Science-Labs/branches{/branch},https://api.github.com/repos/Rawan227/Data-Science-Labs/tags,https://api.github.com/repos/Rawan227/Data-Science-Labs/git/blobs{/sha},https://api.github.com/repos/Rawan227/Data-Science-Labs/git/tags{/sha},https://api.github.com/repos/Rawan227/Data-Science-Labs/git/refs{/sha},https://api.github.com/repos/Rawan227/Data-Science-Labs/git/trees{/sha},https://api.github.com/repos/Rawan227/Data-Science-Labs/statuses/{sha},https://api.github.com/repos/Rawan227/Data-Science-Labs/languages,https://api.github.com/repos/Rawan227/Data-Science-Labs/stargazers,https://api.github.com/repos/Rawan227/Data-Science-Labs/contributors,https://api.github.com/repos/Rawan227/Data-Science-Labs/subscribers,https://api.github.com/repos/Rawan227/Data-Science-Labs/subscription,https://api.github.com/repos/Rawan227/Data-Science-Labs/commits{/sha},https://api.github.com/repos/Rawan227/Data-Science-Labs/git/commits{/sha},https://api.github.com/repos/Rawan227/Data-Science-Labs/comments{/number},https://api.github.com/repos/Rawan227/Data-Science-Labs/issues/comments{/number},https://api.github.com/repos/Rawan227/Data-Science-Labs/contents/{+path},https://api.github.com/repos/Rawan227/Data-Science-Labs/compare/{base}...{head},https://api.github.com/repos/Rawan227/Data-Science-Labs/merges,https://api.github.com/repos/Rawan227/Data-Science-Labs/{archive_format}{/ref},https://api.github.com/repos/Rawan227/Data-Science-Labs/downloads,https://api.github.com/repos/Rawan227/Data-Science-Labs/issues{/number},https://api.github.com/repos/Rawan227/Data-Science-Labs/pulls{/number},https://api.github.com/repos/Rawan227/Data-Science-Labs/milestones{/number},"https://api.github.com/repos/Rawan227/Data-Science-Labs/notifications{?since,all,participating}",https://api.github.com/repos/Rawan227/Data-Science-Labs/labels{/name},https://api.github.com/repos/Rawan227/Data-Science-Labs/releases{/id},https://api.github.com/repos/Rawan227/Data-Science-Labs/deployments,2026-03-03T09:22:39Z,2026-03-04T21:31:57Z,2026-03-04T21:31:53Z,git://github.com/Rawan227/Data-Science-Labs.git,git@github.com:Rawan227/Data-Science-Labs.git,https://github.com/Rawan227/Data-Science-Labs.git,https://github.com/Rawan227/Data-Science-Labs,,3847,0,0,Jupyter Notebook,True,True,True,True,False,False,0,,False,False,0,,True,False,False,True,all,[],public,0,0,0,main,"{'admin': True, 'maintain': True, 'push': True, 'triage': True, 'pull': True}"
988541530,R_kgDOOuvyWg,HandMadeByU,Rawan227/HandMadeByU,False,"{'login': 'Rawan227', 'id': 126195611, 'node_id': 'U_kgDOB4WXmw', 'avatar_url': 'https://avatars.githubusercontent.com/u/126195611?v=4', 'gravatar_id': '', 'url': 'https://api.github.com/users/Rawan227', 'html_url': 'https://github.com/Rawan227', 'followers_url': 'https://api.github.com/users/Rawan227/followers', 'following_url': 'https://api.github.com/users/Rawan227/following{/other_user}', 'gists_url': 'https://api.github.com/users/Rawan227/gists{/gist_id}', 'starred_url': 'https://api.github.com/users/Rawan227/starred{/owner}{/repo}', 'subscriptions_url': 'https://api.github.com/users/Rawan227/subscriptions', 'organizations_url': 'https://api.github.com/users/Rawan227/orgs', 'repos_url': 'https://api.github.com/users/Rawan227/repos', 'events_url': 'https://api.github.com/users/Rawan227/events{/privacy}', 'received_events_url': 'https://api.github.com/users/Rawan227/received_events', 'type': 'User', 'user_view_type': 'public', 'site_admin': False}",https://github.com/Rawan227/HandMadeByU,,True,https://api.github.com/repos/Rawan227/HandMadeByU,https://api.github.com/repos/Rawan227/HandMadeByU/forks,https://api.github.com/repos/Rawan227/HandMadeByU/keys{/key_id},https://api.github.com/repos/Rawan227/HandMadeByU/collaborators{/collaborator},https://api.github.com/repos/Rawan227/HandMadeByU/teams,https://api.github.com/repos/Rawan227/HandMadeByU/hooks,https://api.github.com/repos/Rawan227/HandMadeByU/issues/events{/number},https://api.github.com/repos/Rawan227/HandMadeByU/events,https://api.github.com/repos/Rawan227/HandMadeByU/assignees{/user},https://api.github.com/repos/Rawan227/HandMadeByU/branches{/branch},https://api.github.com/repos/Rawan227/HandMadeByU/tags,https://api.github.com/repos/Rawan227/HandMadeByU/git/blobs{/sha},https://api.github.com/repos/Rawan227/HandMadeByU/git/tags{/sha},https://api.github.com/repos/Rawan227/HandMadeByU/git/refs{/sha},https://api.github.com/repos/Rawan227/HandMadeByU/git/trees{/sha},https://api.github.com/repos/Rawan227/HandMadeByU/statuses/{sha},https://api.github.com/repos/Rawan227/HandMadeByU/languages,https://api.github.com/repos/Rawan227/HandMadeByU/stargazers,https://api.github.com/repos/Rawan227/HandMadeByU/contributors,https://api.github.com/repos/Rawan227/HandMadeByU/subscribers,https://api.github.com/repos/Rawan227/HandMadeByU/subscription,https://api.github.com/repos/Rawan227/HandMadeByU/commits{/sha},https://api.github.com/repos/Rawan227/HandMadeByU/git/commits{/sha},https://api.github.com/repos/Rawan227/HandMadeByU/comments{/number},https://api.github.com/repos/Rawan227/HandMadeByU/issues/comments{/number},https://api.github.com/repos/Rawan227/HandMadeByU/contents/{+path},https://api.github.com/repos/Rawan227/HandMadeByU/compare/{base}...{head},https://api.github.com/repos/Rawan227/HandMadeByU/merges,https://api.github.com/repos/Rawan227/HandMadeByU/{archive_format}{/ref},https://api.github.com/repos/Rawan227/HandMadeByU/downloads,https://api.github.com/repos/Rawan227/HandMadeByU/issues{/number},https://api.github.com/repos/Rawan227/HandMadeByU/pulls{/number},https://api.github.com/repos/Rawan227/HandMadeByU/milestones{/number},"https://api.github.com/repos/Rawan227/HandMadeByU/notifications{?since,all,participating}",https://api.github.com/repos/Rawan227/HandMadeByU/labels{/name},https://api.github.com/repos/Rawan227/HandMadeByU/releases{/id},https://api.github.com/repos/Rawan227/HandMadeByU/deployments,2025-05-22T17:44:12Z,2025-05-22T17:44:12Z,2025-02-06T01:44:08Z,git://github.com/Rawan227/HandMadeByU.git,git@github.com:Rawan227/HandMadeByU.git,https://github.com/Rawan227/HandMadeByU.git,https://github.com/Rawan227/HandMadeByU,,3666,0,0,,False,True,True,True,False,False,0,,False,False,0,,True,False,False,True,all,[],public,0,0,0,main,"{'admin': True, 'maintain': True, 'push': True, 'triage': True, 'pull': True}"
1016339462,R_kgDOPJQcBg,Informatique_intern_tasks,Rawan227/Informatique_intern_tasks,False,"{'login': 'Rawan227', 'id': 126195611, 'node_id': 'U_kgDOB4WXmw', 'avatar_url': 'https://avatars.githubusercontent.com/u/126195611?v=4', 'gravatar_id': '', 'url': 'https://api.github.com/users/Rawan227', 'html_url': 'https://github.com/Rawan227', 'followers_url': 'https://api.github.com/users/Rawan227/followers', 'following_url': 'https://api.github.com/users/Rawan227/following{/other_user}', 'gists_url': 'https://api.github.com/users/Rawan227/gists{/gist_id}', 'starred_url': 'https://api.github.com/users/Rawan227/starred{/owner}{/repo}', 'subscriptions_url': 'https://api.github.com/users/Rawan227/subscriptions', 'organizations_url': 'https://api.github.com/users/Rawan227/orgs', 'repos_url': 'https://api.github.com/users/Rawan227/repos', 'events_url': 'https://api.github.com/users/Rawan227/events{/privacy}', 'received_events_url': 'https://api.github.com/users/Rawan227/received_events', 'type': 'User', 'user_view_type': 'public', 'site_admin': False}",https://github.com/Rawan227/Informatique_intern_tasks,,False,https://api.github.com/repos/Rawan227/Informatique_intern_tasks,https://api.github.com/repos/Rawan227/Informatique_intern_tasks/forks,https://api.github.com/repos/Rawan227/Informatique_intern_tasks/keys{/key_id},https://api.github.com/repos/Rawan227/Informatique_intern_tasks/collaborators{/collaborator},https://api.github.com/repos/Rawan227/Informatique_intern_tasks/teams,https://api.github.com/repos/Rawan227/Informatique_intern_tasks/hooks,https://api.github.com/repos/Rawan227/Informatique_intern_tasks/issues/events{/number},https://api.github.com/repos/Rawan227/Informatique_intern_tasks/events,https://api.github.com/repos/Rawan227/Informatique_intern_tasks/assignees{/user},https://api.github.com/repos/Rawan227/Informatique_intern_tasks/branches{/branch},https://api.github.com/repos/Rawan227/Informatique_intern_tasks/tags,https://api.github.com/repos/Rawan227/Informatique_intern_tasks/git/blobs{/sha},https://api.github.com/repos/Rawan227/Informatique_intern_tasks/git/tags{/sha},https://api.github.com/repos/Rawan227/Informatique_intern_tasks/git/refs{/sha},https://api.github.com/repos/Rawan227/Informatique_intern_tasks/git/trees{/sha},https://api.github.com/repos/Rawan227/Informatique_intern_tasks/statuses/{sha},https://api.github.com/repos/Rawan227/Informatique_intern_tasks/languages,https://api.github.com/repos/Rawan227/Informatique_intern_tasks/stargazers,https://api.github.com/repos/Rawan227/Informatique_intern_tasks/contributors,https://api.github.com/repos/Rawan227/Informatique_intern_tasks/subscribers,https://api.github.com/repos/Rawan227/Informatique_intern_tasks/subscription,https://api.github.com/repos/Rawan227/Informatique_intern_tasks/commits{/sha},https://api.github.com/repos/Rawan227/Informatique_intern_tasks/git/commits{/sha},https://api.github.com/repos/Rawan227/Informatique_intern_tasks/comments{/number},https://api.github.com/repos/Rawan227/Informatique_intern_tasks/issues/comments{/number},https://api.github.com/repos/Rawan227/Informatique_intern_tasks/contents/{+path},https://api.github.com/repos/Rawan227/Informatique_intern_tasks/compare/{base}...{head},https://api.github.com/repos/Rawan227/Informatique_intern_tasks/merges,https://api.github.com/repos/Rawan227/Informatique_intern_tasks/{archive_format}{/ref},https://api.github.com/repos/Rawan227/Informatique_intern_tasks/downloads,https://api.github.com/repos/Rawan227/Informatique_intern_tasks/issues{/number},https://api.github.com/repos/Rawan227/Informatique_intern_tasks/pulls{/number},https://api.github.com/repos/Rawan227/Informatique_intern_tasks/milestones{/number},"https://api.github.com/repos/Rawan227/Informatique_intern_tasks/notifications{?since,all,participating}",https://api.github.com/repos/Rawan227/Informatique_intern_tasks/labels{/name},https://api.github.com/repos/Rawan227/Informatique_intern_tasks/releases{/id},https://api.github.com/repos/Rawan227/Informatique_intern_tasks/deployments,2025-07-08T21:28:25Z,2025-07-28T22:05:58Z,2025-07-28T22:05:54Z,git://github.com/Rawan227/Informatique_intern_tasks.git,git@github.com:Rawan227/Informatique_intern_tasks.git,https://github.com/Rawan227/Informatique_intern_tasks.git,https://github.com/Rawan227/Informatique_intern_tasks,,323,0,0,C++,True,True,True,False,False,False,0,,False,False,0,,True,False,False,True,all,[],public,0,0,0,main,"{'admin': True, 'maintain': True, 'push': True, 'triage': True, 'pull': True}"
695280777,R_kgDOKXEkiQ,Menu_Application,Rawan227/Menu_Application,False,"{'login': 'Rawan227', 'id': 126195611, 'node_id': 'U_kgDOB4WXmw', 'avatar_url': 'https://avatars.githubusercontent.com/u/126195611?v=4', 'gravatar_id': '', 'url': 'https://api.github.com/users/Rawan227', 'html_url': 'https://github.com/Rawan227', 'followers_url': 'https://api.github.com/users/Rawan227/followers', 'following_url': 'https://api.github.com/users/Rawan227/following{/other_user}', 'gists_url': 'https://api.github.com/users/Rawan227/gists{/gist_id}', 'starred_url': 'https://api.github.com/users/Rawan227/starred{/owner}{/repo}', 'subscriptions_url': 'https://api.github.com/users/Rawan227/subscriptions', 'organizations_url': 'https://api.github.com/users/Rawan227/orgs', 'repos_url': 'https://api.github.com/users/Rawan227/repos', 'events_url': 'https://api.github.com/users/Rawan227/events{/privacy}', 'received_events_url': 'https://api.github.com/users/Rawan227/received_events', 'type': 'User', 'user_view_type': 'public', 'site_admin': False}",https://github.com/Rawan227/Menu_Application,,False,https://api.github.com/repos/Rawan227/Menu_Application,https://api.github.com/repos/Rawan227/Menu_Application/forks,https://api.github.com/repos/Rawan227/Menu_Application/keys{/key_id},https://api.github.com/repos/Rawan227/Menu_Application/collaborators{/collaborator},https://api.github.com/repos/Rawan227/Menu_Application/teams,https://api.github.com/repos/Rawan227/Menu_Application/hooks,https://api.github.com/repos/Rawan227/Menu_Application/issues/events{/number},https://api.github.com/repos/Rawan227/Menu_Application/events,https://api.github.com/repos/Rawan227/Menu_Application/assignees{/user},https://api.github.com/repos/Rawan227/Menu_Application/branches{/branch},https://api.github.com/repos/Rawan227/Menu_Application/tags,https://api.github.com/repos/Rawan227/Menu_Application/git/blobs{/sha},https://api.github.com/repos/Rawan227/Menu_Application/git/tags{/sha},https://api.github.com/repos/Rawan227/Menu_Application/git/refs{/sha},https://api.github.com/repos/Rawan227/Menu_Application/git/trees{/sha},https://api.github.com/repos/Rawan227/Menu_Application/statuses/{sha},https://api.github.com/repos/Rawan227/Menu_Application/languages,https://api.github.com/repos/Rawan227/Menu_Application/stargazers,https://api.github.com/repos/Rawan227/Menu_Application/contributors,https://api.github.com/repos/Rawan227/Menu_Application/subscribers,https://api.github.com/repos/Rawan227/Menu_Application/subscription,https://api.github.com/repos/Rawan227/Menu_Application/commits{/sha},https://api.github.com/repos/Rawan227/Menu_Application/git/commits{/sha},https://api.github.com/repos/Rawan227/Menu_Application/comments{/number},https://api.github.com/repos/Rawan227/Menu_Application/issues/comments{/number},https://api.github.com/repos/Rawan227/Menu_Application/contents/{+path},https://api.github.com/repos/Rawan227/Menu_Application/compare/{base}...{head},https://api.github.com/repos/Rawan227/Menu_Application/merges,https://api.github.com/repos/Rawan227/Menu_Application/{archive_format}{/ref},https://api.github.com/repos/Rawan227/Menu_Application/downloads,https://api.github.com/repos/Rawan227/Menu_Application/issues{/number},https://api.github.com/repos/Rawan227/Menu_Application/pulls{/number},https://api.github.com/repos/Rawan227/Menu_Application/milestones{/number},"https://api.github.com/repos/Rawan227/Menu_Application/notifications{?since,all,participating}",https://api.github.com/repos/Rawan227/Menu_Application/labels{/name},https://api.github.com/repos/Rawan227/Menu_Application/releases{/id},https://api.github.com/repos/Rawan227/Menu_Application/deployments,2023-09-22T18:57:02Z,2024-04-25T11:30:51Z,2024-04-25T11:30:47Z,git://github.com/Rawan227/Menu_Application.git,git@github.com:Rawan227/Menu_Application.git,https://github.com/Rawan227/Menu_Application.git,https://github.com/Rawan227/Menu_Application,,493,0,0,JavaScript,True,True,True,True,False,False,0,,False,False,0,,True,False,False,True,all,[],public,0,0,0,main,"{'admin': True, 'maintain': True, 'push': True, 'triage': True, 'pull': True}"
695272933,R_kgDOKXEF5Q,My_Portfolio,Rawan227/My_Portfolio,False,"{'login': 'Rawan227', 'id': 126195611, 'node_id': 'U_kgDOB4WXmw', 'avatar_url': 'https://avatars.githubusercontent.com/u/126195611?v=4', 'gravatar_id': '', 'url': 'https://api.github.com/users/Rawan227', 'html_url': 'https://github.com/Rawan227', 'followers_url': 'https://api.github.com/users/Rawan227/followers', 'following_url': 'https://api.github.com/users/Rawan227/following{/other_user}', 'gists_url': 'https://api.github.com/users/Rawan227/gists{/gist_id}', 'starred_url': 'https://api.github.com/users/Rawan227/starred{/owner}{/repo}', 'subscriptions_url': 'https://api.github.com/users/Rawan227/subscriptions', 'organizations_url': 'https://api.github.com/users/Rawan227/orgs', 'repos_url': 'https://api.github.com/users/Rawan227/repos', 'events_url': 'https://api.github.com/users/Rawan227/events{/privacy}', 'received_events_url': 'https://api.github.com/users/Rawan227/received_events', 'type': 'User', 'user_view_type': 'public', 'site_admin': False}",https://github.com/Rawan227/My_Portfolio,"A portfolio implemented by HMTL, SASS and JavaScript ",False,https://api.github.com/repos/Rawan227/My_Portfolio,https://api.github.com/repos/Rawan227/My_Portfolio/forks,https://api.github.com/repos/Rawan227/My_Portfolio/keys{/key_id},https://api.github.com/repos/Rawan227/My_Portfolio/collaborators{/collaborator},https://api.github.com/repos/Rawan227/My_Portfolio/teams,https://api.github.com/repos/Rawan227/My_Portfolio/hooks,https://api.github.com/repos/Rawan227/My_Portfolio/issues/events{/number},https://api.github.com/repos/Rawan227/My_Portfolio/events,https://api.github.com/repos/Rawan227/My_Portfolio/assignees{/user},https://api.github.com/repos/Rawan227/My_Portfolio/branches{/branch},https://api.github.com/repos/Rawan227/My_Portfolio/tags,https://api.github.com/repos/Rawan227/My_Portfolio/git/blobs{/sha},https://api.github.com/repos/Rawan227/My_Portfolio/git/tags{/sha},https://api.github.com/repos/Rawan227/My_Portfolio/git/refs{/sha},https://api.github.com/repos/Rawan227/My_Portfolio/git/trees{/sha},https://api.github.com/repos/Rawan227/My_Portfolio/statuses/{sha},https://api.github.com/repos/Rawan227/My_Portfolio/languages,https://api.github.com/repos/Rawan227/My_Portfolio/stargazers,https://api.github.com/repos/Rawan227/My_Portfolio/contributors,https://api.github.com/repos/Rawan227/My_Portfolio/subscribers,https://api.github.com/repos/Rawan227/My_Portfolio/subscription,https://api.github.com/repos/Rawan227/My_Portfolio/commits{/sha},https://api.github.com/repos/Rawan227/My_Portfolio/git/commits{/sha},https://api.github.com/repos/Rawan227/My_Portfolio/comments{/number},https://api.github.com/repos/Rawan227/My_Portfolio/issues/comments{/number},https://api.github.com/repos/Rawan227/My_Portfolio/contents/{+path},https://api.github.com/repos/Rawan227/My_Portfolio/compare/{base}...{head},https://api.github.com/repos/Rawan227/My_Portfolio/merges,https://api.github.com/repos/Rawan227/My_Portfolio/{archive_format}{/ref},https://api.github.com/repos/Rawan227/My_Portfolio/downloads,https://api.github.com/repos/Rawan227/My_Portfolio/issues{/number},https://api.github.com/repos/Rawan227/My_Portfolio/pulls{/number},https://api.github.com/repos/Rawan227/My_Portfolio/milestones{/number},"https://api.github.com/repos/Rawan227/My_Portfolio/notifications{?since,all,participating}",https://api.github.com/repos/Rawan227/My_Portfolio/labels{/name},https://api.github.com/repos/Rawan227/My_Portfolio/releases{/id},https://api.github.com/repos/Rawan227/My_Portfolio/deployments,2023-09-22T18:32:13Z,2023-09-22T18:55:38Z,2023-09-22T18:55:35Z,git://github.com/Rawan227/My_Portfolio.git,git@github.com:Rawan227/My_Portfolio.git,https://github.com/Rawan227/My_Portfolio.git,https://github.com/Rawan227/My_Portfolio,,258,0,0,HTML,True,True,True,True,False,False,1,,False,False,0,,True,False,False,True,all,[],public,1,0,0,main,"{'admin': True, 'maintain': True, 'push': True, 'triage': True, 'pull': True}"
977676709,R_kgDOOkYppQ,OTP,Rawan227/OTP,False,"{'login': 'Rawan227', 'id': 126195611, 'node_id': 'U_kgDOB4WXmw', 'avatar_url': 'https://avatars.githubusercontent.com/u/126195611?v=4', 'gravatar_id': '', 'url': 'https://api.github.com/users/Rawan227', 'html_url': 'https://github.com/Rawan227', 'followers_url': 'https://api.github.com/users/Rawan227/followers', 'following_url': 'https://api.github.com/users/Rawan227/following{/other_user}', 'gists_url': 'https://api.github.com/users/Rawan227/gists{/gist_id}', 'starred_url': 'https://api.github.com/users/Rawan227/starred{/owner}{/repo}', 'subscriptions_url': 'https://api.github.com/users/Rawan227/subscriptions', 'organizations_url': 'https://api.github.com/users/Rawan227/orgs', 'repos_url': 'https://api.github.com/users/Rawan227/repos', 'events_url': 'https://api.github.com/users/Rawan227/events{/privacy}', 'received_events_url': 'https://api.github.com/users/Rawan227/received_events', 'type': 'User', 'user_view_type': 'public', 'site_admin': False}",https://github.com/Rawan227/OTP,,False,https://api.github.com/repos/Rawan227/OTP,https://api.github.com/repos/Rawan227/OTP/forks,https://api.github.com/repos/Rawan227/OTP/keys{/key_id},https://api.github.com/repos/Rawan227/OTP/collaborators{/collaborator},https://api.github.com/repos/Rawan227/OTP/teams,https://api.github.com/repos/Rawan227/OTP/hooks,https://api.github.com/repos/Rawan227/OTP/issues/events{/number},https://api.github.com/repos/Rawan227/OTP/events,https://api.github.com/repos/Rawan227/OTP/assignees{/user},https://api.github.com/repos/Rawan227/OTP/branches{/branch},https://api.github.com/repos/Rawan227/OTP/tags,https://api.github.com/repos/Rawan227/OTP/git/blobs{/sha},https://api.github.com/repos/Rawan227/OTP/git/tags{/sha},https://api.github.com/repos/Rawan227/OTP/git/refs{/sha},https://api.github.com/repos/Rawan227/OTP/git/trees{/sha},https://api.github.com/repos/Rawan227/OTP/statuses/{sha},https://api.github.com/repos/Rawan227/OTP/languages,https://api.github.com/repos/Rawan227/OTP/stargazers,https://api.github.com/repos/Rawan227/OTP/contributors,https://api.github.com/repos/Rawan227/OTP/subscribers,https://api.github.com/repos/Rawan227/OTP/subscription,https://api.github.com/repos/Rawan227/OTP/commits{/sha},https://api.github.com/repos/Rawan227/OTP/git/commits{/sha},https://api.github.com/repos/Rawan227/OTP/comments{/number},https://api.github.com/repos/Rawan227/OTP/issues/comments{/number},https://api.github.com/repos/Rawan227/OTP/contents/{+path},https://api.github.com/repos/Rawan227/OTP/compare/{base}...{head},https://api.github.com/repos/Rawan227/OTP/merges,https://api.github.com/repos/Rawan227/OTP/{archive_format}{/ref},https://api.github.com/repos/Rawan227/OTP/downloads,https://api.github.com/repos/Rawan227/OTP/issues{/number},https://api.github.com/repos/Rawan227/OTP/pulls{/number},https://api.github.com/repos/Rawan227/OTP/milestones{/number},"https://api.github.com/repos/Rawan227/OTP/notifications{?since,all,participating}",https://api.github.com/repos/Rawan227/OTP/labels{/name},https://api.github.com/repos/Rawan227/OTP/releases{/id},https://api.github.com/repos/Rawan227/OTP/deployments,2025-05-04T18:28:05Z,2025-05-04T18:32:38Z,2025-05-04T18:32:35Z,git://github.com/Rawan227/OTP.git,git@github.com:Rawan227/OTP.git,https://github.com/Rawan227/OTP.git,https://github.com/Rawan227/OTP,,159,0,0,Python,True,True,True,True,False,False,0,,False,False,0,,True,False,False,True,all,[],public,0,0,0,main,"{'admin': True, 'maintain': True, 'push': True, 'triage': True, 'pull': True}"
999473996,R_kgDOO5LDTA,Process-Scheduler-,Rawan227/Process-Scheduler-,False,"{'login': 'Rawan227', 'id': 126195611, 'node_id': 'U_kgDOB4WXmw', 'avatar_url': 'https://avatars.githubusercontent.com/u/126195611?v=4', 'gravatar_id': '', 'url': 'https://api.github.com/users/Rawan227', 'html_url': 'https://github.com/Rawan227', 'followers_url': 'https://api.github.com/users/Rawan227/followers', 'following_url': 'https://api.github.com/users/Rawan227/following{/other_user}', 'gists_url': 'https://api.github.com/users/Rawan227/gists{/gist_id}', 'starred_url': 'https://api.github.com/users/Rawan227/starred{/owner}{/repo}', 'subscriptions_url': 'https://api.github.com/users/Rawan227/subscriptions', 'organizations_url': 'https://api.github.com/users/Rawan227/orgs', 'repos_url': 'https://api.github.com/users/Rawan227/repos', 'events_url': 'https://api.github.com/users/Rawan227/events{/privacy}', 'received_events_url': 'https://api.github.com/users/Rawan227/received_events', 'type': 'User', 'user_view_type': 'public', 'site_admin': False}",https://github.com/Rawan227/Process-Scheduler-,C++ DS Software process ,True,https://api.github.com/repos/Rawan227/Process-Scheduler-,https://api.github.com/repos/Rawan227/Process-Scheduler-/forks,https://api.github.com/repos/Rawan227/Process-Scheduler-/keys{/key_id},https://api.github.com/repos/Rawan227/Process-Scheduler-/collaborators{/collaborator},https://api.github.com/repos/Rawan227/Process-Scheduler-/teams,https://api.github.com/repos/Rawan227/Process-Scheduler-/hooks,https://api.github.com/repos/Rawan227/Process-Scheduler-/issues/events{/number},https://api.github.com/repos/Rawan227/Process-Scheduler-/events,https://api.github.com/repos/Rawan227/Process-Scheduler-/assignees{/user},https://api.github.com/repos/Rawan227/Process-Scheduler-/branches{/branch},https://api.github.com/repos/Rawan227/Process-Scheduler-/tags,https://api.github.com/repos/Rawan227/Process-Scheduler-/git/blobs{/sha},https://api.github.com/repos/Rawan227/Process-Scheduler-/git/tags{/sha},https://api.github.com/repos/Rawan227/Process-Scheduler-/git/refs{/sha},https://api.github.com/repos/Rawan227/Process-Scheduler-/git/trees{/sha},https://api.github.com/repos/Rawan227/Process-Scheduler-/statuses/{sha},https://api.github.com/repos/Rawan227/Process-Scheduler-/languages,https://api.github.com/repos/Rawan227/Process-Scheduler-/stargazers,https://api.github.com/repos/Rawan227/Process-Scheduler-/contributors,https://api.github.com/repos/Rawan227/Process-Scheduler-/subscribers,https://api.github.com/repos/Rawan227/Process-Scheduler-/subscription,https://api.github.com/repos/Rawan227/Process-Scheduler-/commits{/sha},https://api.github.com/repos/Rawan227/Process-Scheduler-/git/commits{/sha},https://api.github.com/repos/Rawan227/Process-Scheduler-/comments{/number},https://api.github.com/repos/Rawan227/Process-Scheduler-/issues/comments{/number},https://api.github.com/repos/Rawan227/Process-Scheduler-/contents/{+path},https://api.github.com/repos/Rawan227/Process-Scheduler-/compare/{base}...{head},https://api.github.com/repos/Rawan227/Process-Scheduler-/merges,https://api.github.com/repos/Rawan227/Process-Scheduler-/{archive_format}{/ref},https://api.github.com/repos/Rawan227/Process-Scheduler-/downloads,https://api.github.com/repos/Rawan227/Process-Scheduler-/issues{/number},https://api.github.com/repos/Rawan227/Process-Scheduler-/pulls{/number},https://api.github.com/repos/Rawan227/Process-Scheduler-/milestones{/number},"https://api.github.com/repos/Rawan227/Process-Scheduler-/notifications{?since,all,participating}",https://api.github.com/repos/Rawan227/Process-Scheduler-/labels{/name},https://api.github.com/repos/Rawan227/Process-Scheduler-/releases{/id},https://api.github.com/repos/Rawan227/Process-Scheduler-/deployments,2025-06-10T09:56:55Z,2025-06-10T09:56:56Z,2023-08-13T19:55:07Z,git://github.com/Rawan227/Process-Scheduler-.git,git@github.com:Rawan227/Process-Scheduler-.git,https://github.com/Rawan227/Process-Scheduler-.git,https://github.com/Rawan227/Process-Scheduler-,,57,0,0,,False,True,True,False,False,False,0,,False,False,0,,True,False,False,True,all,[],public,0,0,0,main,"{'admin': True, 'maintain': True, 'push': True, 'triage': True, 'pull': True}"
753217711,R_kgDOLOUwrw,Racing_game_x86,Rawan227/Racing_game_x86,False,"{'login': 'Rawan227', 'id': 126195611, 'node_id': 'U_kgDOB4WXmw', 'avatar_url': 'https://avatars.githubusercontent.com/u/126195611?v=4', 'gravatar_id': '', 'url': 'https://api.github.com/users/Rawan227', 'html_url': 'https://github.com/Rawan227', 'followers_url': 'https://api.github.com/users/Rawan227/followers', 'following_url': 'https://api.github.com/users/Rawan227/following{/other_user}', 'gists_url': 'https://api.github.com/users/Rawan227/gists{/gist_id}', 'starred_url': 'https://api.github.com/users/Rawan227/starred{/owner}{/repo}', 'subscriptions_url': 'https://api.github.com/users/Rawan227/subscriptions', 'organizations_url': 'https://api.github.com/users/Rawan227/orgs', 'repos_url': 'https://api.github.com/users/Rawan227/repos', 'events_url': 'https://api.github.com/users/Rawan227/events{/privacy}', 'received_events_url': 'https://api.github.com/users/Rawan227/received_events', 'type': 'User', 'user_view_type': 'public', 'site_admin': False}",https://github.com/Rawan227/Racing_game_x86,A racing game implemented using assembly x86,False,https://api.github.com/repos/Rawan227/Racing_game_x86,https://api.github.com/repos/Rawan227/Racing_game_x86/forks,https://api.github.com/repos/Rawan227/Racing_game_x86/keys{/key_id},https://api.github.com/repos/Rawan227/Racing_game_x86/collaborators{/collaborator},https://api.github.com/repos/Rawan227/Racing_game_x86/teams,https://api.github.com/repos/Rawan227/Racing_game_x86/hooks,https://api.github.com/repos/Rawan227/Racing_game_x86/issues/events{/number},https://api.github.com/repos/Rawan227/Racing_game_x86/events,https://api.github.com/repos/Rawan227/Racing_game_x86/assignees{/user},https://api.github.com/repos/Rawan227/Racing_game_x86/branches{/branch},https://api.github.com/repos/Rawan227/Racing_game_x86/tags,https://api.github.com/repos/Rawan227/Racing_game_x86/git/blobs{/sha},https://api.github.com/repos/Rawan227/Racing_game_x86/git/tags{/sha},https://api.github.com/repos/Rawan227/Racing_game_x86/git/refs{/sha},https://api.github.com/repos/Rawan227/Racing_game_x86/git/trees{/sha},https://api.github.com/repos/Rawan227/Racing_game_x86/statuses/{sha},https://api.github.com/repos/Rawan227/Racing_game_x86/languages,https://api.github.com/repos/Rawan227/Racing_game_x86/stargazers,https://api.github.com/repos/Rawan227/Racing_game_x86/contributors,https://api.github.com/repos/Rawan227/Racing_game_x86/subscribers,https://api.github.com/repos/Rawan227/Racing_game_x86/subscription,https://api.github.com/repos/Rawan227/Racing_game_x86/commits{/sha},https://api.github.com/repos/Rawan227/Racing_game_x86/git/commits{/sha},https://api.github.com/repos/Rawan227/Racing_game_x86/comments{/number},https://api.github.com/repos/Rawan227/Racing_game_x86/issues/comments{/number},https://api.github.com/repos/Rawan227/Racing_game_x86/contents/{+path},https://api.github.com/repos/Rawan227/Racing_game_x86/compare/{base}...{head},https://api.github.com/repos/Rawan227/Racing_game_x86/merges,https://api.github.com/repos/Rawan227/Racing_game_x86/{archive_format}{/ref},https://api.github.com/repos/Rawan227/Racing_game_x86/downloads,https://api.github.com/repos/Rawan227/Racing_game_x86/issues{/number},https://api.github.com/repos/Rawan227/Racing_game_x86/pulls{/number},https://api.github.com/repos/Rawan227/Racing_game_x86/milestones{/number},"https://api.github.com/repos/Rawan227/Racing_game_x86/notifications{?since,all,participating}",https://api.github.com/repos/Rawan227/Racing_game_x86/labels{/name},https://api.github.com/repos/Rawan227/Racing_game_x86/releases{/id},https://api.github.com/repos/Rawan227/Racing_game_x86/deployments,2024-02-05T17:38:10Z,2024-02-05T17:39:03Z,2024-02-05T17:38:59Z,git://github.com/Rawan227/Racing_game_x86.git,git@github.com:Rawan227/Racing_game_x86.git,https://github.com/Rawan227/Racing_game_x86.git,https://github.com/Rawan227/Racing_game_x86,,18,0,0,Assembly,True,True,True,True,False,False,0,,False,False,0,,True,False,False,True,all,[],public,0,0,0,main,"{'admin': True, 'maintain': True, 'push': True, 'triage': True, 'pull': True}"
695299192,R_kgDOKXFseA,Rawan227,Rawan227/Rawan227,False,"{'login': 'Rawan227', 'id': 126195611, 'node_id': 'U_kgDOB4WXmw', 'avatar_url': 'https://avatars.githubusercontent.com/u/126195611?v=4', 'gravatar_id': '', 'url': 'https://api.github.com/users/Rawan227', 'html_url': 'https://github.com/Rawan227', 'followers_url': 'https://api.github.com/users/Rawan227/followers', 'following_url': 'https://api.github.com/users/Rawan227/following{/other_user}', 'gists_url': 'https://api.github.com/users/Rawan227/gists{/gist_id}', 'starred_url': 'https://api.github.com/users/Rawan227/starred{/owner}{/repo}', 'subscriptions_url': 'https://api.github.com/users/Rawan227/subscriptions', 'organizations_url': 'https://api.github.com/users/Rawan227/orgs', 'repos_url': 'https://api.github.com/users/Rawan227/repos', 'events_url': 'https://api.github.com/users/Rawan227/events{/privacy}', 'received_events_url': 'https://api.github.com/users/Rawan227/received_events', 'type': 'User', 'user_view_type': 'public', 'site_admin': False}",https://github.com/Rawan227/Rawan227,My Personal Profile,False,https://api.github.com/repos/Rawan227/Rawan227,https://api.github.com/repos/Rawan227/Rawan227/forks,https://api.github.com/repos/Rawan227/Rawan227/keys{/key_id},https://api.github.com/repos/Rawan227/Rawan227/collaborators{/collaborator},https://api.github.com/repos/Rawan227/Rawan227/teams,https://api.github.com/repos/Rawan227/Rawan227/hooks,https://api.github.com/repos/Rawan227/Rawan227/issues/events{/number},https://api.github.com/repos/Rawan227/Rawan227/events,https://api.github.com/repos/Rawan227/Rawan227/assignees{/user},https://api.github.com/repos/Rawan227/Rawan227/branches{/branch},https://api.github.com/repos/Rawan227/Rawan227/tags,https://api.github.com/repos/Rawan227/Rawan227/git/blobs{/sha},https://api.github.com/repos/Rawan227/Rawan227/git/tags{/sha},https://api.github.com/repos/Rawan227/Rawan227/git/refs{/sha},https://api.github.com/repos/Rawan227/Rawan227/git/trees{/sha},https://api.github.com/repos/Rawan227/Rawan227/statuses/{sha},https://api.github.com/repos/Rawan227/Rawan227/languages,https://api.github.com/repos/Rawan227/Rawan227/stargazers,https://api.github.com/repos/Rawan227/Rawan227/contributors,https://api.github.com/repos/Rawan227/Rawan227/subscribers,https://api.github.com/repos/Rawan227/Rawan227/subscription,https://api.github.com/repos/Rawan227/Rawan227/commits{/sha},https://api.github.com/repos/Rawan227/Rawan227/git/commits{/sha},https://api.github.com/repos/Rawan227/Rawan227/comments{/number},https://api.github.com/repos/Rawan227/Rawan227/issues/comments{/number},https://api.github.com/repos/Rawan227/Rawan227/contents/{+path},https://api.github.com/repos/Rawan227/Rawan227/compare/{base}...{head},https://api.github.com/repos/Rawan227/Rawan227/merges,https://api.github.com/repos/Rawan227/Rawan227/{archive_format}{/ref},https://api.github.com/repos/Rawan227/Rawan227/downloads,https://api.github.com/repos/Rawan227/Rawan227/issues{/number},https://api.github.com/repos/Rawan227/Rawan227/pulls{/number},https://api.github.com/repos/Rawan227/Rawan227/milestones{/number},"https://api.github.com/repos/Rawan227/Rawan227/notifications{?since,all,participating}",https://api.github.com/repos/Rawan227/Rawan227/labels{/name},https://api.github.com/repos/Rawan227/Rawan227/releases{/id},https://api.github.com/repos/Rawan227/Rawan227/deployments,2023-09-22T19:58:19Z,2025-06-09T22:29:42Z,2025-06-09T22:29:39Z,git://github.com/Rawan227/Rawan227.git,git@github.com:Rawan227/Rawan227.git,https://github.com/Rawan227/Rawan227.git,https://github.com/Rawan227/Rawan227,,11,0,0,,True,True,True,True,False,False,0,,False,False,0,,True,False,False,True,all,[],public,0,0,0,main,"{'admin': True, 'maintain': True, 'push': True, 'triage': True, 'pull': True}"
682136333,R_kgDOKKiTDQ,To-Do-App,Rawan227/To-Do-App,False,"{'login': 'Rawan227', 'id': 126195611, 'node_id': 'U_kgDOB4WXmw', 'avatar_url': 'https://avatars.githubusercontent.com/u/126195611?v=4', 'gravatar_id': '', 'url': 'https://api.github.com/users/Rawan227', 'html_url': 'https://github.com/Rawan227', 'followers_url': 'https://api.github.com/users/Rawan227/followers', 'following_url': 'https://api.github.com/users/Rawan227/following{/other_user}', 'gists_url': 'https://api.github.com/users/Rawan227/gists{/gist_id}', 'starred_url': 'https://api.github.com/users/Rawan227/starred{/owner}{/repo}', 'subscriptions_url': 'https://api.github.com/users/Rawan227/subscriptions', 'organizations_url': 'https://api.github.com/users/Rawan227/orgs', 'repos_url': 'https://api.github.com/users/Rawan227/repos', 'events_url': 'https://api.github.com/users/Rawan227/events{/privacy}', 'received_events_url': 'https://api.github.com/users/Rawan227/received_events', 'type': 'User', 'user_view_type': 'public', 'site_admin': False}",https://github.com/Rawan227/To-Do-App,React Native To-Do App,False,https://api.github.com/repos/Rawan227/To-Do-App,https://api.github.com/repos/Rawan227/To-Do-App/forks,https://api.github.com/repos/Rawan227/To-Do-App/keys{/key_id},https://api.github.com/repos/Rawan227/To-Do-App/collaborators{/collaborator},https://api.github.com/repos/Rawan227/To-Do-App/teams,https://api.github.com/repos/Rawan227/To-Do-App/hooks,https://api.github.com/repos/Rawan227/To-Do-App/issues/events{/number},https://api.github.com/repos/Rawan227/To-Do-App/events,https://api.github.com/repos/Rawan227/To-Do-App/assignees{/user},https://api.github.com/repos/Rawan227/To-Do-App/branches{/branch},https://api.github.com/repos/Rawan227/To-Do-App/tags,https://api.github.com/repos/Rawan227/To-Do-App/git/blobs{/sha},https://api.github.com/repos/Rawan227/To-Do-App/git/tags{/sha},https://api.github.com/repos/Rawan227/To-Do-App/git/refs{/sha},https://api.github.com/repos/Rawan227/To-Do-App/git/trees{/sha},https://api.github.com/repos/Rawan227/To-Do-App/statuses/{sha},https://api.github.com/repos/Rawan227/To-Do-App/languages,https://api.github.com/repos/Rawan227/To-Do-App/stargazers,https://api.github.com/repos/Rawan227/To-Do-App/contributors,https://api.github.com/repos/Rawan227/To-Do-App/subscribers,https://api.github.com/repos/Rawan227/To-Do-App/subscription,https://api.github.com/repos/Rawan227/To-Do-App/commits{/sha},https://api.github.com/repos/Rawan227/To-Do-App/git/commits{/sha},https://api.github.com/repos/Rawan227/To-Do-App/comments{/number},https://api.github.com/repos/Rawan227/To-Do-App/issues/comments{/number},https://api.github.com/repos/Rawan227/To-Do-App/contents/{+path},https://api.github.com/repos/Rawan227/To-Do-App/compare/{base}...{head},https://api.github.com/repos/Rawan227/To-Do-App/merges,https://api.github.com/repos/Rawan227/To-Do-App/{archive_format}{/ref},https://api.github.com/repos/Rawan227/To-Do-App/downloads,https://api.github.com/repos/Rawan227/To-Do-App/issues{/number},https://api.github.com/repos/Rawan227/To-Do-App/pulls{/number},https://api.github.com/repos/Rawan227/To-Do-App/milestones{/number},"https://api.github.com/repos/Rawan227/To-Do-App/notifications{?since,all,participating}",https://api.github.com/repos/Rawan227/To-Do-App/labels{/name},https://api.github.com/repos/Rawan227/To-Do-App/releases{/id},https://api.github.com/repos/Rawan227/To-Do-App/deployments,2023-08-23T14:15:38Z,2024-05-18T10:07:32Z,2024-05-18T10:07:29Z,git://github.com/Rawan227/To-Do-App.git,git@github.com:Rawan227/To-Do-App.git,https://github.com/Rawan227/To-Do-App.git,https://github.com/Rawan227/To-Do-App,,136,0,0,JavaScript,True,True,True,True,False,False,0,,False,False,0,,True,False,False,True,all,[],public,0,0,0,main,"{'admin': True, 'maintain': True, 'push': True, 'triage': True, 'pull': True}"
